               epoch,      train/box_loss,      train/obj_loss,      train/cls_loss,   metrics/precision,      metrics/recall,     metrics/mAP_0.5,metrics/mAP_0.5:0.95,        val/box_loss,        val/obj_loss,        val/cls_loss,               x/lr0,               x/lr1,               x/lr2
                   0,             0.11761,             0.13762,            0.038679,            0.001524,           0.0062848,          0.00063827,          8.3629e-05,             0.12118,             0.12056,            0.036579,               4e-05,               4e-05,             0.09964
                   1,             0.11652,             0.13675,            0.038274,           0.0025391,            0.013102,          0.00096341,          0.00017457,             0.11806,             0.13095,            0.035996,          8.9995e-05,          8.9995e-05,             0.09919
                   2,             0.11371,             0.14375,            0.037862,           0.0028872,             0.04838,            0.001572,          0.00031943,             0.11552,              0.1411,            0.035807,          0.00013997,          0.00013997,             0.09874
                   3,             0.11163,             0.14549,            0.037372,           0.0027008,            0.040023,           0.0015128,          0.00024787,             0.11491,             0.14293,            0.035828,          0.00018991,          0.00018991,             0.09829
                   4,             0.10986,             0.15552,            0.037031,           0.0019444,            0.028026,           0.0010359,           0.0001819,             0.11522,             0.13968,            0.035872,          0.00023979,          0.00023979,             0.09784
                   5,              0.1088,             0.16083,            0.036628,           0.0014325,            0.023133,          0.00076647,          0.00015392,             0.11471,             0.14122,            0.035925,           0.0002896,           0.0002896,             0.09739
                   6,             0.10606,             0.16376,            0.036195,           0.0013156,            0.024914,          0.00070313,          0.00015644,             0.11395,             0.14402,            0.035903,          0.00033932,          0.00033932,            0.096939
                   7,             0.10516,             0.17463,            0.035529,           0.0016327,            0.031833,          0.00088853,          0.00019604,             0.11326,             0.14634,            0.035801,          0.00038894,          0.00038894,            0.096489
                   8,              0.1039,             0.16828,            0.035126,           0.0017195,            0.033307,          0.00092126,          0.00019687,             0.11301,             0.14727,             0.03581,          0.00043844,          0.00043844,            0.096038
                   9,             0.10103,             0.17437,            0.034714,           0.0012862,            0.024607,          0.00066677,           0.0001521,             0.11252,             0.14961,            0.035764,           0.0004878,           0.0004878,            0.095588
                  10,             0.10035,             0.16755,            0.034319,          0.00068968,            0.010727,          0.00035221,          8.0968e-05,             0.11178,             0.15281,            0.035504,          0.00053701,          0.00053701,            0.095137
                  11,            0.097409,             0.17009,            0.033784,           0.0014786,            0.020001,          0.00077608,          0.00016233,             0.10999,             0.15918,            0.035108,          0.00058605,          0.00058605,            0.094686
                  12,            0.097186,             0.17114,            0.033366,           0.0045468,            0.020308,           0.0018238,          0.00036575,             0.10902,             0.16493,             0.03489,           0.0006349,           0.0006349,            0.094235
                  13,            0.096096,             0.16788,            0.032896,           0.0045246,            0.053027,           0.0026024,          0.00051427,             0.10873,             0.16556,            0.034707,          0.00068355,          0.00068355,            0.093784
                  14,            0.095156,              0.1682,             0.03265,           0.0093908,            0.034659,           0.0055792,          0.00095561,             0.10687,             0.16891,            0.034327,          0.00073198,          0.00073198,            0.093332
                  15,            0.092744,             0.17202,            0.032518,            0.019082,            0.038487,           0.0066736,           0.0012485,             0.10469,              0.1726,            0.034159,          0.00078018,          0.00078018,             0.09288
                  16,            0.091856,             0.17162,            0.032196,            0.025057,            0.056974,            0.010857,           0.0020612,             0.10091,             0.17694,            0.033841,          0.00082812,          0.00082812,            0.092428
                  17,            0.090949,             0.17078,               0.032,            0.024783,             0.05294,            0.010826,           0.0021465,            0.097775,             0.18001,            0.033447,          0.00087581,          0.00087581,            0.091976
                  18,            0.089491,             0.17393,            0.031701,             0.03453,            0.071754,            0.014922,           0.0031125,            0.091816,             0.18758,            0.032961,           0.0009232,           0.0009232,            0.091523
                  19,            0.088663,             0.17312,            0.031516,            0.064719,             0.11568,            0.017953,           0.0036644,            0.088002,             0.19138,            0.032809,          0.00097031,          0.00097031,             0.09107
                  20,             0.08785,             0.17635,            0.031336,             0.38565,            0.097876,            0.027505,           0.0060637,            0.083775,             0.19397,            0.032206,           0.0010171,           0.0010171,            0.090617
                  21,            0.087117,             0.17442,            0.031771,             0.41142,            0.086637,            0.036542,            0.008184,            0.080719,             0.19563,            0.032006,           0.0010636,           0.0010636,            0.090164
                  22,            0.085853,             0.17388,            0.031085,             0.41856,             0.11243,            0.040305,           0.0095319,            0.078858,             0.19408,            0.031879,           0.0011097,           0.0011097,             0.08971
                  23,            0.085381,             0.16904,            0.031242,             0.42152,             0.15553,            0.055786,            0.013929,            0.073793,             0.19462,            0.031469,           0.0011554,           0.0011554,            0.089255
                  24,            0.084038,             0.17464,            0.031405,             0.43226,             0.22209,            0.077122,            0.021968,            0.070456,             0.19071,            0.031288,           0.0012008,           0.0012008,            0.088801
                  25,            0.082428,             0.17125,            0.030975,             0.43569,             0.20083,            0.072992,            0.018445,            0.071691,             0.18508,            0.031327,           0.0012458,           0.0012458,            0.088346
                  26,            0.081651,             0.17513,            0.031181,             0.42817,             0.16383,            0.055879,            0.013543,            0.076406,             0.18149,            0.031527,           0.0012904,           0.0012904,             0.08789
                  27,            0.081661,             0.17375,            0.030758,             0.44405,             0.21313,             0.08352,            0.021972,            0.071236,             0.18059,            0.031276,           0.0013346,           0.0013346,            0.087435
                  28,            0.081135,             0.17838,            0.031243,              0.4477,             0.18365,            0.082235,            0.022532,            0.071385,             0.18105,            0.031446,           0.0013783,           0.0013783,            0.086978
                  29,            0.080141,             0.17086,            0.031194,             0.46753,             0.30593,             0.11857,            0.033849,            0.063971,             0.17879,            0.030897,           0.0014216,           0.0014216,            0.086522
                  30,            0.079801,             0.17502,            0.031042,             0.46158,             0.26069,             0.10872,            0.031048,            0.067874,             0.17887,            0.031105,           0.0014645,           0.0014645,            0.086064
                  31,            0.078574,             0.17291,            0.030791,             0.49439,             0.34016,              0.1501,            0.047964,            0.060702,             0.18453,            0.030727,           0.0015068,           0.0015068,            0.085607
                  32,            0.077888,             0.17172,            0.030782,             0.49694,             0.35144,             0.15929,             0.04756,            0.061258,             0.18308,            0.030711,           0.0015487,           0.0015487,            0.085149
                  33,            0.077719,             0.17477,            0.031094,             0.49962,             0.30726,             0.14934,            0.045014,            0.062835,             0.17846,            0.030838,           0.0015901,           0.0015901,             0.08469
                  34,              0.0759,             0.17748,            0.030703,             0.50075,             0.31218,             0.15366,             0.05186,            0.059063,             0.18036,            0.030859,            0.001631,            0.001631,            0.084231
                  35,            0.075858,             0.17592,            0.030974,             0.51629,             0.33425,             0.17627,            0.069771,            0.056236,             0.17807,            0.030656,           0.0016713,           0.0016713,            0.083771
                  36,            0.075248,             0.18104,             0.03035,             0.50993,             0.27313,             0.14886,            0.038329,            0.063031,             0.17861,            0.030851,           0.0017111,           0.0017111,            0.083311
                  37,            0.075729,             0.17917,            0.030964,             0.50695,             0.37128,             0.18417,             0.07234,            0.055351,             0.17845,            0.030616,           0.0017504,           0.0017504,             0.08285
                  38,            0.074232,             0.17998,            0.030903,             0.51066,             0.33447,             0.17646,            0.069117,            0.055455,             0.17981,            0.030666,            0.001789,            0.001789,            0.082389
                  39,            0.073887,             0.16993,            0.030952,             0.53126,             0.32856,             0.19184,            0.071261,            0.055452,             0.17431,            0.030638,           0.0018272,           0.0018272,            0.081927
                  40,            0.072816,             0.18324,            0.030964,             0.52566,             0.44082,              0.2078,            0.083999,            0.049599,             0.18657,            0.030424,           0.0018647,           0.0018647,            0.081465
                  41,            0.072734,             0.17149,            0.030568,             0.54385,             0.36643,             0.20905,            0.062761,            0.057184,             0.17055,            0.030382,           0.0019016,           0.0019016,            0.081002
                  42,            0.073763,             0.18097,             0.03087,             0.54889,             0.33339,             0.20896,            0.082616,            0.052417,              0.1752,            0.030432,           0.0019379,           0.0019379,            0.080538
                  43,            0.073067,             0.18015,            0.030429,             0.51193,             0.34254,             0.18885,            0.060484,            0.056292,             0.18338,             0.03041,           0.0019736,           0.0019736,            0.080074
                  44,            0.073129,             0.17987,            0.030736,             0.53625,             0.37007,             0.20964,            0.067033,            0.058057,             0.17823,            0.030364,           0.0020087,           0.0020087,            0.079609
                  45,            0.071361,             0.17409,            0.030889,             0.53959,             0.43246,             0.23186,             0.11121,            0.048001,             0.17741,            0.030258,           0.0020431,           0.0020431,            0.079143
                  46,            0.072251,             0.17408,             0.03102,             0.53723,             0.36018,             0.21806,             0.10544,            0.048423,             0.17691,            0.030531,           0.0020769,           0.0020769,            0.078677
                  47,            0.072104,             0.17243,             0.03038,             0.56323,             0.37433,             0.23046,            0.088408,            0.052534,             0.16555,            0.030389,             0.00211,             0.00211,             0.07821
                  48,            0.072297,             0.17731,             0.03096,             0.55858,             0.43267,             0.24381,             0.09347,            0.050733,              0.1683,            0.030294,           0.0021424,           0.0021424,            0.077742
                  49,            0.070208,             0.17848,            0.031079,             0.56002,             0.42623,             0.24622,             0.10149,            0.050559,             0.16225,            0.030166,           0.0021742,           0.0021742,            0.077274
                  50,            0.070139,             0.17584,            0.030835,             0.55613,             0.37721,             0.23226,             0.09388,            0.049432,             0.16235,            0.030092,           0.0022052,           0.0022052,            0.076805
                  51,            0.068698,             0.17303,            0.030576,             0.54267,             0.45589,              0.2441,            0.086476,            0.050638,             0.16577,            0.030204,           0.0022356,           0.0022356,            0.076336
                  52,            0.068205,             0.17829,            0.030797,             0.55902,             0.40631,             0.23993,            0.080648,             0.05027,             0.15772,            0.030001,           0.0022652,           0.0022652,            0.075865
                  53,            0.068561,             0.17938,              0.0305,              0.5681,             0.45137,             0.25538,             0.11366,            0.044262,             0.16115,            0.029882,           0.0022942,           0.0022942,            0.075394
                  54,            0.068917,             0.17747,            0.030286,             0.50298,             0.34254,             0.17191,            0.038728,            0.059752,             0.15481,            0.029861,           0.0023224,           0.0023224,            0.074922
                  55,            0.068272,             0.17439,            0.030546,             0.58097,             0.44555,             0.27039,             0.13752,            0.042147,              0.1586,            0.029764,           0.0023499,           0.0023499,             0.07445
                  56,            0.068564,              0.1695,            0.030181,             0.56945,             0.48129,             0.27356,             0.13553,            0.043602,             0.16044,            0.029753,           0.0023766,           0.0023766,            0.073977
                  57,            0.067994,             0.17608,            0.030635,             0.58212,             0.49031,             0.27583,             0.10739,            0.048069,             0.17883,            0.029834,           0.0024026,           0.0024026,            0.073503
                  58,            0.070114,             0.16355,            0.030701,             0.57894,             0.44019,             0.26768,             0.13693,            0.039148,             0.15979,            0.029716,           0.0024279,           0.0024279,            0.073028
                  59,             0.06898,              0.1694,            0.031008,             0.57731,             0.45863,             0.27694,             0.14149,            0.041348,             0.16321,            0.029723,           0.0024524,           0.0024524,            0.072552
                  60,            0.067851,             0.16332,            0.030464,             0.57569,             0.43179,             0.26123,               0.075,            0.054905,             0.14324,            0.029602,           0.0024761,           0.0024761,            0.072076
                  61,            0.065738,             0.18274,             0.03055,             0.59105,             0.39045,             0.27674,             0.10684,            0.051372,             0.14925,            0.029676,            0.002499,            0.002499,            0.071599
                  62,            0.067121,             0.17762,            0.030553,             0.57646,             0.46232,              0.2804,             0.10193,             0.05056,             0.14738,            0.029628,           0.0025212,           0.0025212,            0.071121
                  63,            0.066648,             0.16914,            0.030557,             0.58605,             0.47701,             0.28952,             0.11604,            0.047869,             0.14663,            0.029477,           0.0025426,           0.0025426,            0.070643
                  64,            0.066312,             0.16918,            0.030509,             0.58881,             0.46741,             0.29548,             0.10371,            0.050091,             0.15083,             0.02956,           0.0025632,           0.0025632,            0.070163
                  65,            0.065485,             0.17092,            0.030436,             0.59761,             0.45593,             0.30602,             0.12927,            0.045478,             0.14848,            0.029588,           0.0025831,           0.0025831,            0.069683
                  66,            0.065118,             0.17806,            0.030702,             0.58057,             0.51439,              0.2998,             0.15683,            0.040252,             0.14898,            0.029679,           0.0026021,           0.0026021,            0.069202
                  67,            0.064972,             0.17408,            0.030465,             0.59509,             0.50485,             0.30611,             0.13412,            0.044599,             0.14896,            0.029485,           0.0026203,           0.0026203,             0.06872
                  68,              0.0646,             0.17502,            0.030333,             0.60055,             0.47797,              0.2958,             0.16383,            0.039539,              0.1544,            0.029424,           0.0026378,           0.0026378,            0.068238
                  69,            0.066024,             0.17246,            0.030221,             0.59997,             0.49921,             0.31131,             0.13087,            0.044472,             0.14601,            0.029361,           0.0026544,           0.0026544,            0.067754
                  70,            0.064844,             0.17151,            0.030207,             0.59563,             0.43568,             0.28647,             0.11266,            0.048567,             0.16549,            0.029559,           0.0026702,           0.0026702,             0.06727
                  71,            0.064257,             0.17164,            0.030161,             0.59949,             0.44984,             0.30591,             0.15722,            0.040911,             0.14409,            0.029312,           0.0026852,           0.0026852,            0.066785
                  72,            0.064473,             0.17639,            0.030439,             0.59539,             0.51016,             0.30975,             0.14249,            0.044954,             0.15627,            0.029435,           0.0026994,           0.0026994,            0.066299
                  73,            0.064557,             0.16915,            0.030149,             0.59799,             0.49963,             0.30962,             0.15316,            0.040276,             0.14348,            0.029235,           0.0027128,           0.0027128,            0.065813
                  74,            0.063742,             0.17801,            0.030548,             0.59061,              0.4944,             0.30712,             0.14133,             0.04261,             0.14572,            0.029272,           0.0027254,           0.0027254,            0.065325
                  75,            0.063893,             0.18039,             0.03051,             0.55919,             0.45749,             0.26824,             0.14228,            0.037409,             0.14982,            0.029163,           0.0027372,           0.0027372,            0.064837
                  76,            0.065285,             0.17313,            0.030279,             0.60814,             0.45458,             0.31622,             0.16521,            0.037729,             0.14436,            0.029023,           0.0027481,           0.0027481,            0.064348
                  77,             0.06315,             0.17472,            0.030086,             0.61415,             0.47421,             0.31871,             0.12515,            0.043382,             0.13846,            0.028999,           0.0027583,           0.0027583,            0.063858
                  78,            0.063039,             0.18012,            0.030179,             0.58921,             0.52699,             0.30506,             0.17023,            0.035617,             0.14987,            0.029288,           0.0027676,           0.0027676,            0.063368
                  79,            0.064931,             0.17617,            0.030454,             0.59384,              0.5239,             0.31241,             0.17188,            0.035307,             0.14139,            0.029081,           0.0027761,           0.0027761,            0.062876
                  80,            0.064144,             0.17121,            0.030111,             0.61137,             0.49861,             0.32687,             0.14691,            0.039133,             0.13928,            0.028958,           0.0027838,           0.0027838,            0.062384
                  81,            0.063452,             0.16944,            0.030081,             0.60124,             0.50013,             0.32694,             0.17237,            0.036757,             0.14451,            0.028902,           0.0027907,           0.0027907,            0.061891
                  82,            0.061967,             0.17295,             0.03042,             0.61579,             0.48303,             0.32497,             0.15414,            0.041627,             0.14475,            0.028949,           0.0027968,           0.0027968,            0.061397
                  83,            0.063649,             0.17595,            0.030134,             0.60126,             0.50466,              0.3312,             0.12672,            0.044577,             0.14021,            0.028774,            0.002802,            0.002802,            0.060902
                  84,            0.062189,             0.16455,            0.030046,             0.60751,             0.52134,             0.33603,             0.13105,            0.043715,             0.13733,            0.028841,           0.0028065,           0.0028065,            0.060407
                  85,            0.062188,             0.16423,            0.029871,             0.59876,             0.45087,             0.31248,            0.097103,            0.050679,             0.14842,            0.028622,           0.0028102,           0.0028102,             0.05991
                  86,            0.061877,             0.17324,            0.029872,             0.61068,             0.50679,             0.33585,              0.1459,            0.043676,             0.14502,             0.02883,            0.002813,            0.002813,            0.059413
                  87,            0.062821,             0.16899,            0.029937,             0.59533,             0.48876,             0.30819,            0.068237,            0.055869,             0.13319,            0.028788,           0.0028151,           0.0028151,            0.058915
                  88,            0.060926,             0.17286,            0.030086,             0.61541,             0.50252,             0.34856,             0.17589,            0.036491,             0.14784,            0.028983,           0.0028164,           0.0028164,            0.058416
                  89,            0.062953,             0.16811,            0.030053,             0.62121,             0.48838,             0.36379,             0.16043,            0.042078,             0.13445,            0.028619,           0.0028169,           0.0028169,            0.057917
                  90,             0.06168,             0.16958,            0.029967,             0.62771,              0.4773,             0.35846,             0.15524,            0.041534,             0.13697,            0.028656,           0.0028166,           0.0028166,            0.057417
                  91,            0.060762,             0.16972,            0.029792,             0.61086,             0.49036,             0.34926,             0.20062,            0.034645,             0.13448,            0.028792,           0.0028155,           0.0028155,            0.056916
                  92,            0.061425,             0.16457,            0.029989,             0.61821,             0.48717,             0.36257,             0.16113,            0.041278,             0.13334,            0.028476,           0.0028137,           0.0028137,            0.056414
                  93,            0.061579,             0.16856,            0.030035,             0.26329,              0.7264,             0.35544,             0.17318,            0.040026,             0.13371,            0.028544,           0.0028111,           0.0028111,            0.055911
                  94,            0.060562,             0.16793,            0.030477,             0.61283,             0.51872,             0.35556,             0.18344,            0.039707,             0.13253,            0.028711,           0.0028077,           0.0028077,            0.055408
                  95,            0.060128,              0.1721,            0.030162,             0.61542,             0.51401,             0.36646,             0.21298,            0.033177,             0.13201,            0.028408,           0.0028036,           0.0028036,            0.054904
                  96,             0.06028,             0.18304,            0.029921,             0.62133,             0.51363,             0.38333,             0.20587,            0.036001,             0.13156,             0.02846,           0.0027988,           0.0027988,            0.054399
                  97,             0.06136,             0.16665,            0.030031,             0.60855,             0.51956,             0.38348,             0.20189,            0.036397,             0.13004,            0.028206,           0.0027932,           0.0027932,            0.053893
                  98,            0.061958,             0.16637,             0.02994,              0.2457,             0.72788,              0.3532,              0.1284,             0.04555,             0.13413,            0.028513,           0.0027868,           0.0027868,            0.053387
                  99,            0.059609,             0.17373,            0.030053,             0.25508,             0.72939,             0.37455,             0.18953,            0.035787,             0.13218,             0.02777,           0.0027798,           0.0027798,             0.05288
                 100,            0.063607,             0.16732,            0.029815,             0.53765,             0.32962,             0.25084,            0.081587,            0.051971,             0.12845,            0.027842,            0.002772,            0.002772,            0.052372
                 101,            0.071446,             0.16791,            0.030025,             0.61721,             0.51156,             0.38313,             0.17064,            0.039256,             0.12999,            0.027973,           0.0027635,           0.0027635,            0.051864
                 102,            0.069685,             0.15411,            0.029437,              0.5346,             0.37019,             0.27055,             0.08268,            0.044816,             0.13056,            0.027908,           0.0027543,           0.0027543,            0.051354
                 103,            0.065985,             0.16314,            0.029963,             0.22547,               0.748,             0.32804,             0.15799,             0.04555,             0.13329,            0.027761,           0.0027445,           0.0027445,            0.050844
                 104,            0.068464,             0.15818,            0.029691,             0.22807,             0.61703,             0.21889,            0.062998,             0.06331,             0.12628,            0.027715,           0.0027339,           0.0027339,            0.050334
                 105,            0.068241,             0.17514,             0.02984,             0.62398,             0.52629,             0.38609,             0.13628,             0.04543,              0.1321,            0.028149,           0.0027227,           0.0027227,            0.049823
                 106,            0.062974,             0.16769,            0.030014,              0.5741,             0.43014,             0.32487,              0.1017,            0.054361,             0.12889,            0.027928,           0.0027109,           0.0027109,            0.049311
                 107,            0.066028,             0.16743,            0.029687,             0.26646,             0.75111,             0.39319,             0.18528,            0.038474,             0.12906,            0.027783,           0.0026983,           0.0026983,            0.048798
                 108,            0.060626,             0.16597,            0.029676,             0.63596,             0.47879,              0.3942,             0.15358,              0.0441,             0.12689,            0.027691,           0.0026852,           0.0026852,            0.048285
                 109,            0.063187,             0.16456,            0.029794,             0.26891,             0.75675,             0.39011,             0.15891,            0.043199,             0.12756,              0.0275,           0.0026714,           0.0026714,            0.047771
                 110,            0.063852,             0.16638,            0.029523,             0.59323,             0.50887,             0.35987,             0.10773,            0.050977,             0.13082,            0.028092,            0.002657,            0.002657,            0.047257
                 111,            0.065166,             0.16106,            0.029739,             0.28372,             0.77823,             0.43739,              0.2219,            0.038227,             0.12814,            0.027446,            0.002642,            0.002642,            0.046742
                 112,            0.062105,             0.17348,            0.029934,             0.64093,             0.46606,             0.41886,             0.11807,            0.050457,             0.13127,            0.027496,           0.0026264,           0.0026264,            0.046226
                 113,            0.065562,             0.15986,            0.029657,             0.28384,             0.74566,             0.43692,             0.18444,            0.039614,             0.12584,            0.027276,           0.0026103,           0.0026103,             0.04571
                 114,            0.061428,             0.15848,            0.029227,             0.64365,              0.4258,             0.39794,             0.11358,            0.051428,             0.12286,            0.027253,           0.0025935,           0.0025935,            0.045194
                 115,            0.068557,             0.16105,            0.029662,             0.27006,             0.79671,             0.43302,             0.22752,             0.03248,             0.12603,              0.0272,           0.0025763,           0.0025763,            0.044676
                 116,            0.060833,             0.17056,            0.029462,             0.66466,              0.4729,             0.44823,             0.23079,            0.032803,             0.12537,            0.027259,           0.0025584,           0.0025584,            0.044158
                 117,            0.059883,             0.17365,            0.029724,             0.27892,             0.76932,             0.44214,             0.14682,            0.045448,             0.12682,            0.027248,           0.0025401,           0.0025401,             0.04364
                 118,            0.060337,             0.16747,            0.029609,             0.29706,             0.74936,             0.41826,             0.14213,            0.045131,             0.12882,            0.027056,           0.0025213,           0.0025213,            0.043121
                 119,            0.062066,             0.16191,            0.028982,             0.28433,             0.76096,             0.43126,             0.20448,            0.035932,             0.12747,            0.026824,           0.0025019,           0.0025019,            0.042602
                 120,            0.060876,             0.16056,            0.029787,             0.65628,             0.46935,              0.4289,             0.12938,            0.046763,             0.12462,            0.026674,           0.0024821,           0.0024821,            0.042082
                 121,            0.067775,             0.16001,             0.02932,             0.67585,              0.4477,             0.44195,             0.25936,            0.032794,             0.12646,             0.02684,           0.0024618,           0.0024618,            0.041562
                 122,            0.059812,             0.16182,            0.029232,             0.30664,             0.73524,             0.46272,             0.25703,            0.032049,             0.12578,            0.026836,           0.0024411,           0.0024411,            0.041041
                 123,            0.057138,             0.16707,            0.029142,             0.67822,             0.48908,             0.47389,             0.21522,            0.037032,             0.12734,            0.026744,           0.0024199,           0.0024199,             0.04052
                 124,            0.060663,              0.1685,            0.029515,             0.66687,             0.50178,             0.46485,             0.16136,            0.046362,             0.12612,            0.026784,           0.0023983,           0.0023983,            0.039998
                 125,             0.06176,             0.16472,            0.029508,             0.28704,             0.79419,             0.46503,              0.2315,            0.035035,              0.1223,            0.026653,           0.0023763,           0.0023763,            0.039476
                 126,             0.06005,             0.16236,            0.029602,               0.309,             0.76306,             0.47522,             0.23798,            0.037896,             0.12196,             0.02658,           0.0023539,           0.0023539,            0.038954
                 127,            0.057766,             0.16542,            0.029114,             0.69703,              0.4945,             0.50004,             0.26303,            0.034921,             0.11923,            0.026241,           0.0023312,           0.0023312,            0.038431
                 128,            0.060904,             0.15693,            0.029474,             0.32221,             0.74969,             0.48931,             0.23404,            0.035824,             0.12059,            0.025991,           0.0023081,           0.0023081,            0.037908
                 129,             0.05903,             0.16768,            0.029312,             0.70344,             0.49562,             0.50104,             0.29108,            0.030051,             0.11954,            0.026292,           0.0022847,           0.0022847,            0.037385
                 130,            0.059251,             0.16847,            0.028927,             0.31881,              0.7512,             0.48981,             0.29472,            0.030498,             0.11974,            0.026237,           0.0022609,           0.0022609,            0.036861
                 131,            0.057433,             0.17551,            0.028907,             0.32147,             0.75076,             0.49457,             0.27487,            0.033675,             0.12352,            0.026499,           0.0022369,           0.0022369,            0.036337
                 132,            0.058149,             0.16201,            0.028943,             0.33128,             0.78477,             0.49771,             0.21624,            0.039998,             0.12203,            0.025806,           0.0022125,           0.0022125,            0.035813
                 133,            0.060761,             0.16139,            0.029032,             0.32985,             0.78902,             0.51307,             0.30657,            0.030008,             0.12103,             0.02566,           0.0021879,           0.0021879,            0.035288
                 134,            0.057018,             0.16813,            0.028988,             0.34061,             0.74315,             0.50511,             0.29241,            0.031601,             0.12022,            0.025669,           0.0021631,           0.0021631,            0.034763
                 135,            0.058899,             0.16356,            0.028718,             0.33273,             0.80398,             0.53153,             0.28913,            0.035076,             0.12033,            0.025279,            0.002138,            0.002138,            0.034238
                 136,            0.057226,             0.16322,             0.02881,             0.34265,             0.79249,             0.52624,             0.25925,            0.036097,              0.1214,            0.025153,           0.0021127,           0.0021127,            0.033713
                 137,            0.056476,             0.16802,            0.028807,             0.33948,             0.77383,               0.539,             0.30427,            0.032113,             0.11715,             0.02515,           0.0020873,           0.0020873,            0.033187
                 138,            0.056168,             0.16962,            0.028719,             0.73233,             0.50312,             0.53837,             0.30315,            0.034742,             0.12296,            0.025301,           0.0020616,           0.0020616,            0.032662
                 139,             0.05514,             0.16559,             0.02893,              0.7375,             0.50021,             0.54603,             0.28832,            0.034104,             0.12189,            0.024922,           0.0020358,           0.0020358,            0.032136
                 140,            0.056806,              0.1594,            0.028723,             0.32223,             0.82382,             0.54602,              0.3008,            0.033411,             0.11844,             0.02473,           0.0020099,           0.0020099,             0.03161
                 141,            0.058819,             0.16177,            0.028579,             0.34383,             0.76305,             0.53084,             0.25663,            0.036239,              0.1179,            0.025018,           0.0019839,           0.0019839,            0.031084
                 142,            0.055486,             0.16852,            0.028214,             0.31742,             0.81664,             0.52767,             0.25225,             0.03638,             0.11722,            0.025066,           0.0019577,           0.0019577,            0.030558
                 143,            0.059321,             0.16605,            0.028675,             0.31628,             0.75117,             0.50673,             0.28211,            0.031334,             0.11822,            0.025878,           0.0019315,           0.0019315,            0.030032
                 144,            0.057528,             0.17072,            0.028769,             0.31492,             0.79213,             0.52819,             0.27521,             0.03392,             0.11741,            0.024919,           0.0019053,           0.0019053,            0.029505
                 145,            0.055791,             0.17002,            0.028379,             0.30872,             0.80414,             0.53194,             0.32028,            0.029837,             0.11716,            0.024872,            0.001879,            0.001879,            0.028979
                 146,             0.05591,             0.17454,            0.028127,              0.3177,             0.80542,             0.53586,             0.32313,            0.029989,             0.11577,            0.024288,           0.0018527,           0.0018527,            0.028453
                 147,             0.05671,             0.16033,            0.028224,             0.34794,             0.77277,             0.54658,             0.29997,            0.033859,             0.11643,            0.023884,           0.0018264,           0.0018264,            0.027926
                 148,            0.056783,             0.16498,             0.02839,             0.33493,             0.78504,             0.55346,             0.27521,            0.036535,             0.11621,            0.023762,           0.0018001,           0.0018001,              0.0274
                 149,            0.056986,              0.1643,            0.028225,             0.73877,             0.52613,             0.56068,             0.30654,            0.033155,             0.11704,            0.023776,           0.0017739,           0.0017739,            0.026874
                 150,            0.056623,             0.15789,            0.027813,             0.72265,             0.53063,              0.5464,             0.29734,            0.033644,             0.11769,              0.0241,           0.0017478,           0.0017478,            0.026348
                 151,             0.05653,             0.16611,            0.028668,             0.29925,             0.82983,             0.53047,             0.29821,            0.032488,             0.11978,            0.024585,           0.0017217,           0.0017217,            0.025822
                 152,            0.055961,             0.16253,            0.028282,             0.72524,             0.53857,             0.54894,             0.32706,            0.029641,             0.11574,            0.023811,           0.0016958,           0.0016958,            0.025296
                 153,            0.056767,             0.17138,            0.028241,             0.74949,             0.50684,             0.54912,             0.32254,             0.03098,             0.11647,            0.023884,             0.00167,             0.00167,             0.02477
                 154,            0.055075,             0.16449,            0.028076,             0.73094,             0.53286,             0.54284,             0.33615,            0.028915,             0.11398,            0.023864,           0.0016444,           0.0016444,            0.024244
                 155,            0.057669,             0.16382,            0.028727,             0.75358,               0.518,              0.5413,              0.2835,            0.034689,             0.11637,            0.023587,           0.0016189,           0.0016189,            0.023719
                 156,            0.056319,             0.17374,            0.028145,             0.75058,             0.51925,             0.55448,             0.34976,             0.02785,             0.11291,            0.023008,           0.0015936,           0.0015936,            0.023194
                 157,            0.056812,             0.16984,            0.028138,             0.73161,             0.53648,             0.53879,             0.28887,            0.033112,             0.11962,            0.023817,           0.0015686,           0.0015686,            0.022669
                 158,            0.055946,             0.16469,             0.02816,             0.77383,             0.50194,             0.55776,              0.2947,            0.033796,             0.11724,             0.02287,           0.0015438,           0.0015438,            0.022144
                 159,            0.054636,             0.16288,            0.027848,             0.77707,             0.51454,             0.55411,             0.32561,             0.03028,             0.11527,            0.022707,           0.0015192,           0.0015192,            0.021619
                 160,            0.057605,             0.16389,            0.028173,             0.76961,             0.52325,             0.56515,             0.32128,            0.032604,              0.1142,            0.022274,            0.001495,            0.001495,            0.021095
                 161,            0.054944,              0.1678,            0.027788,             0.75346,             0.54385,             0.56919,             0.32072,            0.030657,             0.11288,            0.022313,            0.001471,            0.001471,            0.020571
                 162,            0.057278,             0.16512,            0.027885,             0.76573,             0.52042,             0.56209,             0.36901,            0.027108,             0.11155,            0.022256,           0.0014474,           0.0014474,            0.020047
                 163,            0.057197,             0.16398,            0.028491,             0.35152,              0.7808,             0.57074,             0.34872,            0.029302,             0.11237,            0.022128,           0.0014241,           0.0014241,            0.019524
                 164,            0.054756,             0.16544,            0.027724,             0.78946,             0.49307,             0.57457,             0.31704,            0.032909,             0.11312,            0.022095,           0.0014012,           0.0014012,            0.019001
                 165,            0.056203,             0.15688,            0.027295,             0.35237,             0.77725,             0.57302,             0.33501,            0.030162,             0.11254,            0.021982,           0.0013787,           0.0013787,            0.018479
                 166,            0.055242,             0.15942,            0.027701,             0.75687,             0.53102,             0.56644,             0.31798,            0.032531,             0.11374,            0.022453,           0.0013566,           0.0013566,            0.017957
                 167,            0.054736,             0.15683,            0.027801,             0.78247,             0.50484,             0.57291,             0.35328,            0.028925,             0.11262,            0.022438,            0.001335,            0.001335,            0.017435
                 168,             0.05706,             0.16605,            0.028003,             0.78448,             0.51073,              0.5803,             0.35562,            0.029667,              0.1132,            0.021992,           0.0013138,           0.0013138,            0.016914
                 169,            0.054119,              0.1584,            0.027545,             0.79004,             0.51288,             0.59422,             0.36059,            0.029869,              0.1121,            0.021634,           0.0012931,           0.0012931,            0.016393
                 170,            0.057284,             0.16056,            0.027971,             0.38586,             0.76823,             0.59077,             0.34673,            0.030258,             0.11258,             0.02158,           0.0012729,           0.0012729,            0.015873
                 171,             0.05489,             0.16065,            0.027803,             0.79562,             0.50559,              0.5934,             0.38656,            0.027775,             0.11066,            0.021224,           0.0012532,           0.0012532,            0.015353
                 172,            0.055737,             0.16218,            0.027449,             0.36492,             0.79617,             0.59041,             0.34777,              0.0297,             0.11166,            0.021151,            0.001234,            0.001234,            0.014834
                 173,            0.054501,             0.16325,            0.027279,             0.78392,              0.5257,             0.58803,             0.34464,            0.029531,             0.11101,            0.021299,           0.0012155,           0.0012155,            0.014315
                 174,            0.055587,             0.17075,            0.027496,             0.79737,             0.51198,             0.60656,             0.36656,            0.029128,              0.1098,            0.020845,           0.0011975,           0.0011975,            0.013797
                 175,            0.055559,             0.16176,            0.027757,             0.36723,             0.80683,             0.60018,             0.33844,            0.031297,             0.11074,            0.020751,           0.0011801,           0.0011801,             0.01328
                 176,            0.055033,             0.16814,            0.027154,             0.79654,             0.53489,             0.60876,             0.38183,            0.028077,              0.1102,             0.02036,           0.0011633,           0.0011633,            0.012763
                 177,            0.053596,             0.16838,            0.026816,             0.78819,             0.53861,             0.60528,             0.36238,             0.02893,             0.11165,            0.020286,           0.0011473,           0.0011473,            0.012247
                 178,            0.054768,             0.16912,             0.02719,             0.36212,             0.81077,             0.59948,             0.34113,            0.030665,             0.11221,            0.020133,           0.0011318,           0.0011318,            0.011732
                 179,            0.055427,             0.16378,            0.026859,              0.3695,             0.81369,             0.60217,             0.38445,             0.02707,             0.11123,            0.019866,           0.0011171,           0.0011171,            0.011217
                 180,            0.055932,             0.16736,            0.026697,             0.37382,             0.79897,             0.59137,             0.33537,            0.031207,             0.11456,            0.019881,           0.0011031,           0.0011031,            0.010703
                 181,            0.055337,             0.16174,            0.026556,             0.39937,              0.7661,             0.59935,             0.38268,            0.027338,             0.11311,            0.019604,           0.0010898,           0.0010898,             0.01019
                 182,            0.053039,             0.16288,            0.026354,             0.47483,             0.68129,             0.60161,             0.37308,            0.027751,              0.1117,            0.019843,           0.0010773,           0.0010773,           0.0096773
                 183,            0.053163,             0.16848,            0.026894,             0.80042,             0.53212,             0.60981,             0.37194,            0.028691,              0.1109,            0.019584,           0.0010656,           0.0010656,           0.0091656
                 184,            0.054543,             0.16245,            0.026935,             0.38752,             0.78257,             0.60277,             0.34715,            0.030671,             0.11301,            0.019413,           0.0010546,           0.0010546,           0.0086546
                 185,            0.053711,             0.16368,            0.026788,             0.36742,             0.80197,             0.60673,             0.36754,             0.02849,             0.10934,            0.019395,           0.0010445,           0.0010445,           0.0081445
                 186,            0.054279,             0.16114,            0.026858,              0.7943,              0.5375,             0.62114,             0.38773,            0.027665,             0.10915,            0.019261,           0.0010352,           0.0010352,           0.0076352
                 187,            0.054742,             0.15574,            0.027131,             0.81597,             0.51373,             0.61089,             0.34448,            0.031956,             0.11058,            0.019316,           0.0010268,           0.0010268,           0.0071268
                 188,            0.054368,             0.16307,            0.027124,             0.77853,             0.56224,               0.612,             0.37405,            0.028689,             0.10948,            0.019318,           0.0010192,           0.0010192,           0.0066192
                 189,            0.053483,               0.158,             0.02661,              0.7827,             0.55886,             0.61706,             0.39065,            0.027508,             0.11006,            0.019131,           0.0010126,           0.0010126,           0.0061126
                 190,            0.054226,             0.15906,            0.026725,             0.38826,             0.78479,             0.61949,              0.3871,            0.028665,             0.10917,            0.018737,           0.0010069,           0.0010069,           0.0056069
                 191,            0.054294,             0.16426,            0.026739,             0.39335,             0.79446,             0.61786,             0.39373,            0.027462,             0.10893,            0.018589,           0.0010021,           0.0010021,           0.0051021
                 192,            0.053431,             0.16475,            0.026886,             0.40318,             0.80201,             0.61693,             0.36937,            0.029364,             0.10996,            0.018564,          0.00099821,          0.00099821,           0.0045982
                 193,            0.053796,             0.16353,            0.026343,             0.38546,             0.80051,             0.61325,             0.39667,            0.027159,             0.10937,            0.018631,          0.00099533,          0.00099533,           0.0040953
                 194,            0.052649,             0.16598,            0.026463,             0.36583,             0.82539,             0.61054,               0.393,            0.027366,             0.11084,             0.01894,          0.00099345,          0.00099345,           0.0035935
                 195,            0.054272,             0.16279,            0.026622,              0.4539,             0.67695,             0.61012,             0.37561,            0.028909,             0.11148,             0.01856,          0.00099258,          0.00099258,           0.0030926
                 196,            0.053195,             0.15889,            0.026506,             0.42779,             0.69295,             0.60477,              0.3729,             0.02887,             0.11149,            0.018882,          0.00099274,          0.00099274,           0.0025927
                 197,             0.05412,             0.16644,            0.026574,             0.41489,             0.72716,             0.61902,              0.3858,            0.028626,             0.10987,            0.018359,          0.00099394,          0.00099394,           0.0020939
                 198,            0.053662,             0.15976,            0.026617,             0.43259,             0.71294,             0.62531,             0.39547,            0.027474,             0.10897,            0.018115,          0.00099621,          0.00099621,           0.0015962
                 199,            0.052051,              0.1635,            0.026492,             0.80522,             0.54667,             0.61921,             0.40104,            0.026839,             0.11232,            0.018246,          0.00099955,          0.00099955,           0.0010996
